"nation","region","bahai","bahai_percent","buddhists","buddhists_percent","chinese_folk","chinese_folk_percent","christians","christians_percent","confucianist","confucianist_percent","daoist","daoist_percent","ethnic_religionist","ethnic_religionist_percent","hindus","hindus_percent","jews","jews_percent","muslims","muslims_percent","non_religious","non_religious_percent","sikhs","sikhs_percent","iso2"
Brunei,South-Eastern Asia,219,0.05,42281,9.66,22948,5.25,52010,11.89,8229,1.88,,,44046,10.07,3719,0.85,,,257650,58.89,5146,1.18,1137,0.26,BN
Akrotiri,Western Asia,,,,,,,,,,,,,,,,,,,,,,,,,
Cocos (Keeling) Islands,Australia/New Zealand,,,,,,,,,,,,,,,,,,,,,,,,,CC
Bougainville,Melanesia,,,,,,,,,,,,,,,,,,,,,,,,,
Cape Verde,Western Africa,849,0.15,,,,,527733,94.92,,,,,6283,1.13,,,67,0.01,15623,2.81,5433,0.98,,,
Channel Islands,Northern Europe,591,0.34,6,0.0,,,148177,85.23,,,,,,,138,0.08,110,0.06,135,0.08,24702,14.21,,,
El Salvador,Central America,5728,0.09,623,0.01,809,0.01,6270984,96.68,,,,,36887,0.57,,,584,0.01,1822,0.03,166791,2.57,,,SV
Equatorial Guinea,Middle Africa,5460,0.39,,,,,1238447,88.27,,,,,24561,1.75,701,0.05,,,56793,4.05,77023,5.49,,,GQ
Eritrea,Eastern Africa,1280,0.04,,,,,1655160,46.67,,,,,18867,0.53,1064,0.03,,,1832425,51.67,37633,1.06,,,ER
Estonia,Northern Europe,495,0.04,708,0.05,,,494651,37.29,,,,,,,708,0.05,1523,0.11,3667,0.28,824787,62.18,,,EE
Ethiopia,Eastern Africa,30357,0.03,1839,0.0,,,67902667,59.06,,,,,7366072,6.41,8562,0.01,17245,0.02,39524539,34.38,112302,0.1,,,ET
Dhekelia,Western Asia,,,,,,,,,,,,,,,,,,,,,,,,,
Falkland Islands (Islas Malvinas),South America,103,2.96,7,0.2,,,2882,82.74,,,,,,,,,,,,,421,12.09,,,FK
Fiji,Melanesia,2435,0.27,,,941,0.11,572946,63.91,,,,,336,0.04,248656,27.74,119,0.01,55617,6.2,9406,1.05,4554,0.51,FJ
Finland,Northern Europe,1701,0.03,5153,0.09,4122,0.07,4353908,78.58,,,,,,,831,0.02,1309,0.02,114361,2.06,1056535,19.07,,,FI
France,Western Europe,4629,0.01,495343,0.76,232230,0.36,42496640,65.11,,,,,120273,0.18,49282,0.08,442032,0.68,5693788,8.72,15536495,23.8,10444,0.02,FR
French Guiana,South America,1195,0.4,,,10663,3.57,251484,84.2,,,,,6708,2.25,4779,1.6,121,0.04,2740,0.92,10178,3.41,,,GF
French Polynesia,Polynesia,787,0.28,264,0.09,1197,0.43,263515,93.81,,,,,264,0.09,,,152,0.05,,,14200,5.06,,,PF
Gabon,Middle Africa,759,0.03,,,,,1885676,84.72,,,,,74627,3.35,,,,,224505,10.09,27819,1.25,,,GA
"Gambia, The",Western Africa,19833,0.82,,,,,110667,4.58,,,,,131095,5.42,391,0.02,,,2140858,88.59,13820,0.57,,,GM
Georgia,Western Asia,1575,0.04,,,,,3424267,85.84,,,,,,,,,4055,0.1,439267,11.01,119612,3.0,,,GE
Germany,Western Europe,12370,0.01,86214,0.1,5329,0.01,56377431,67.29,2069,0.0,,,3686,0.0,95095,0.11,127335,0.15,5379950,6.42,21616402,25.8,25135,0.03,DE
Ghana,Western Africa,17949,0.06,621,0.0,901,0.0,22097094,71.11,,,,,3229517,10.39,6215,0.02,392,0.0,5588340,17.98,97989,0.32,,,GH
Gibraltar,Southern Europe,114,0.34,,,,,29858,88.62,,,,,,,606,1.8,590,1.75,1645,4.88,878,2.61,,,GI
Greece,Southern Europe,173,0.0,4899,0.05,9339,0.09,9337931,89.59,,,,,,,13758,0.13,5511,0.05,607161,5.83,436262,4.19,5212,0.05,GR
Greenland,Northern America,359,0.63,,,,,54447,95.9,,,,,449,0.79,,,,,10,0.02,1507,2.65,,,GL
Grenada,Caribbean,159,0.14,,,,,108667,96.58,,,,,,,765,0.68,,,369,0.33,1076,0.96,,,GD
Guadeloupe,Caribbean,1603,0.36,,,,,430129,95.87,,,,,,,2243,0.5,,,1660,0.37,11111,2.48,,,GP
Guam,Micronesia (region),1945,1.15,1773,1.05,1772,1.05,158684,94.02,166,0.1,,,614,0.36,,,,,51,0.03,3094,1.83,,,GU
Guatemala,Central America,24808,0.14,3117,0.02,5797,0.03,17441282,97.35,,,,,152391,0.85,,,1206,0.01,1433,0.01,244802,1.37,,,GT
Guernsey,Northern Europe,,,,,,,,,,,,,,,,,,,,,,,,,GG
Guinea,Western Africa,197,0.0,11820,0.09,,,462663,3.52,,,,,1237488,9.42,,,,,11399127,86.8,21497,0.16,,,GN
Guinea-Bissau,Western Africa,345,0.02,,,,,255244,12.97,,,,,810225,41.17,,,,,878765,44.65,23419,1.19,,,GN
Guyana,South America,12288,1.56,1888,0.24,2155,0.27,424900,54.02,,,,,18747,2.38,242622,30.85,61,0.01,59169,7.52,16610,2.11,,,GY
Haiti,Caribbean,25803,0.23,,,294,0.0,10747565,94.26,,,,,,,,,239,0.0,2691,0.02,313143,2.75,,,HT
Occupied Palestinian Territories,Western Asia,2573,0.05,,,,,45078,0.88,,,,,,,,,666765,13.07,4118141,80.73,268859,5.27,,,
Honduras,Central America,48988,0.49,5586,0.06,698,0.01,9485050,95.76,,,,,55724,0.56,,,401,0.0,14508,0.15,202493,2.04,,,HN
Hong Kong,Eastern Asia,1225,0.02,1170156,15.61,3185939,42.5,1136414,15.16,75,0.0,,,506,0.01,18443,0.25,5010,0.07,99735,1.33,1677414,22.37,900,0.01,HK
Hungary,Eastern Europe,281,0.0,4135,0.04,4811,0.05,8429446,87.26,,,,,,,,,46283,0.48,30517,0.32,1144877,11.85,,,HU
Iceland,Northern Europe,638,0.19,590,0.17,,,317286,92.98,,,,,0,0.0,886,0.26,,,597,0.17,17025,4.99,118,0.03,IS
India,South-Central Asia,2113089,0.15,9798665,0.71,180954,0.01,66315897,4.81,,,,,55107353,3.99,999122378,72.4,4830,0.0,198476545,14.38,18530458,1.34,24246592,1.76,IN
Indonesia,South-Eastern Asia,26016,0.01,2185407,0.8,2424677,0.89,33409114,12.21,,,,,6346928,2.32,4427912,1.62,210,0.0,216408788,79.12,3932676,1.44,6838,0.0,ID
Iran,South-Central Asia,254068,0.3,504,0.0,1075,0.0,579343,0.69,,,,,5040,0.01,39348,0.05,8055,0.01,82770145,98.54,247182,0.29,10079,0.01,IR
Iraq,Western Asia,2220,0.01,362,0.0,772,0.0,185558,0.46,,,,,,,4827,0.01,20,0.0,39179468,97.41,265897,0.66,8045,0.02,IQ
Ireland,Northern Europe,1700,0.03,864,0.02,5185,0.11,4550469,92.16,,,,,2123,0.04,5234,0.11,2017,0.04,59229,1.2,308741,6.25,1481,0.03,IE
Isle of Man,Northern Europe,,,,,,,71511,84.1,,,,,,,179,0.21,61,0.07,179,0.21,13102,15.41,,,IM
Israel,Western Asia,13571,0.16,40681,0.47,10387,0.12,187778,2.17,,,,,,,433,0.01,6214655,71.8,1746624,20.18,439056,5.07,,,IL
Italy,Southern Europe,4192,0.01,97404,0.16,217663,0.36,46863171,77.51,,,,,2116,0.0,134825,0.22,26754,0.04,2800348,4.63,10252025,16.96,48369,0.08,IT
Jamaica,Caribbean,5571,0.19,355,0.01,3909,0.13,2503656,84.55,,,,,,,17619,0.6,586,0.02,2615,0.09,123384,4.17,,,JM
Japan,Eastern Asia,15839,0.01,70538721,55.77,285714,0.23,2628920,2.08,121417,0.1,,,9865,0.01,24182,0.02,1483,0.0,194229,0.15,16460649,13.01,1973,0.0,JP
Jersey,Northern Europe,,,,,,,,,,,,,,,,,,,,,,,,,JE
Czech Republic,Eastern Europe,982,0.01,50868,0.48,3427,0.03,3746299,34.98,,,,,,,535,0.01,3791,0.04,13675,0.13,6883247,64.28,,,CZ
Cote d'Ivoire,Western Africa,40515,0.15,13189,0.05,,,9202347,34.89,,,,,6138793,23.27,1899,0.01,,,10878330,41.24,96727,0.37,,,CI
Curacao,Caribbean,399,0.24,815,0.5,245,0.15,153477,93.53,,,,,,,341,0.21,515,0.31,322,0.2,6085,3.71,,,CW
Cook Islands,Polynesia,157,0.89,,,,,16939,96.44,,,,,,,,,,,,,468,2.66,,,CK
Jordan,Western Asia,26126,0.26,,,,,140973,1.38,,,,,,,,,,,9728323,95.35,302616,2.97,,,JO
Kazakhstan,South-Central Asia,8256,0.04,21593,0.12,1983,0.01,4890586,26.05,,,,,30835,0.16,939,0.01,5481,0.03,12926705,68.84,878309,4.68,939,0.01,KZ
Kenya,Eastern Africa,490984,0.91,1694,0.0,2581,0.0,43554099,81.0,,,,,5013807,9.32,268682,0.5,299,0.0,4232760,7.87,52296,0.1,49190,0.09,KE
Kiribati,Micronesia (region),2950,2.47,16,0.01,,,115637,96.81,,,,,,,,,,,,,843,0.71,,,KI
Kuwait,Western Asia,10880,0.25,,,,,507962,11.89,,,,,,,161086,3.77,,,3535586,82.79,37967,0.89,17082,0.4,KW
Kyrgyzstan,South-Central Asia,1885,0.03,32034,0.49,,,286253,4.39,,,,,29104,0.45,,,398,0.01,5687649,87.18,482755,7.4,,,KG
Laos,South-Eastern Asia,15622,0.21,3814646,52.43,26010,0.36,197803,2.72,,,327,0.0,3111476,42.77,5820,0.08,,,8585,0.12,82899,1.14,,,LA
Latvia,Northern Europe,,,94,0.01,,,1529435,81.09,,,,,226,0.01,705,0.04,8064,0.43,4762,0.25,342916,18.18,,,LV
Lebanon,Western Asia,6284,0.09,141287,2.07,,,2339471,34.28,,,,,,,11091,0.16,104,0.0,4082958,59.82,239128,3.5,5119,0.08,LB
Lesotho,Southern Africa,19009,0.89,,,,,1973803,92.14,,,,,141593,6.61,1285,0.06,,,988,0.05,5574,0.26,,,LS
Liberia,Western Africa,14189,0.28,,,,,2085024,41.22,,,,,2070368,40.94,,,,,807836,15.97,80260,1.59,,,LR
Libya,Northern Africa,687,0.01,17728,0.26,1917,0.03,36048,0.52,,,,,526,0.01,6184,0.09,131,0.0,6802198,98.99,3394,0.05,2474,0.04,LY
Liechtenstein,Western Europe,12,0.03,,,,,33852,88.76,,,,,,,,,50,0.13,2393,6.27,1830,4.8,,,LI
Lithuania,Northern Europe,221,0.01,544,0.02,,,2426434,89.13,,,,,101,0.0,436,0.02,2818,0.1,3042,0.11,288695,10.6,,,LT
Luxembourg,Western Europe,1962,0.31,,,,,474235,75.76,,,,,,,,,800,0.13,15712,2.51,133267,21.29,,,LU
Madagascar,Eastern Africa,24682,0.09,6923,0.03,13846,0.05,16086959,58.09,,,,,10861185,39.22,16061,0.06,305,0.0,585819,2.12,95239,0.34,,,MG
Svalbard,Northern Europe,,,,,,,,,,,,,,,,,,,,,,,,,SJ
Malawi,Eastern Africa,44095,0.23,,,,,15169355,79.3,,,,,1135855,5.94,40907,0.21,325,0.0,2686788,14.04,50940,0.27,956,0.01,MW
Malaysia,South-Eastern Asia,76979,0.24,1711935,5.29,5948417,18.38,2969589,9.18,,,,,1051392,3.25,2009303,6.21,107,0.0,18289460,56.51,155142,0.48,81562,0.25,MY
Maldives,South-Central Asia,188,0.03,3492,0.65,,,1557,0.29,,,,,,,1561,0.29,,,533435,98.69,309,0.06,,,MV
Mali,Western Africa,1336,0.01,,,,,475145,2.35,,,,,1912466,9.44,,,,,17835541,88.07,25455,0.13,,,ML
Malta,Southern Europe,285,0.06,,,,,423850,95.99,,,,,,,46,0.01,61,0.01,8938,2.02,8359,1.89,,,MT
Marshall Islands,Micronesia (region),1572,2.66,,,,,56263,95.05,,,,,262,0.44,,,,,210,0.35,887,1.5,,,MH
Martinique,Caribbean,1928,0.51,150,0.04,225,0.06,360406,96.04,,,,,,,891,0.24,,,814,0.22,10262,2.73,,,MQ
Mauritania,Western Africa,465,0.01,,,,,10870,0.23,,,,,21589,0.46,,,,,4611784,99.19,4952,0.11,,,MR
Mauritius,Eastern Africa,23242,1.83,3154,0.25,16927,1.33,420412,33.06,,,,,2544,0.2,562241,44.21,,,214240,16.85,25484,2.0,2798,0.22,MU
Mayotte,Eastern Africa,,,,,,,1423,0.52,,,,,1255,0.46,,,,,269645,98.84,490,0.18,,,YT
Mexico,Central America,44248,0.03,29912,0.02,13151,0.01,123370089,95.69,,,,,1370297,1.06,11704,0.01,39979,0.03,120781,0.09,3908868,3.03,6447,0.01,MX
"Micronesia, Federated States of",Micronesia (region),589,0.51,489,0.43,345,0.3,108913,94.69,,,,,3254,2.83,,,,,,,1017,0.88,,,FM
Moldova,Eastern Europe,601,0.01,,,,,3920300,97.18,,,,,248,0.01,,,3677,0.09,18491,0.46,90646,2.25,,,MD
Monaco,Western Europe,75,0.19,,,,,33489,85.34,,,,,,,,,600,1.53,177,0.45,4903,12.49,,,MC
Mongolia,Eastern Asia,79,0.0,1905634,58.13,19670,0.6,63575,1.94,,,,,600448,18.32,,,,,163378,4.98,525509,16.03,,,MN
Montenegro,Southern Europe,,,,,,,497511,79.21,,,,,,,,,,,108321,17.25,22230,3.54,,,ME
Montserrat,Caribbean,73,1.46,,,,,4570,91.42,,,,,,,5,0.1,,,,,343,6.86,,,MS
Morocco,Northern Africa,37662,0.1,,,,,31550,0.09,,,,,,,,,2281,0.01,36790789,99.68,48275,0.13,,,MA
Mozambique,Eastern Africa,3844,0.01,2719,0.01,5801,0.02,17439492,55.8,,,,,8158011,26.1,50321,0.16,203,0.0,5459458,17.47,135585,0.43,,,MZ
Namibia,Southern Africa,12482,0.49,,,,,2309459,90.89,,,,,151969,5.98,,,100,0.0,8741,0.34,58165,2.29,,,NA
Nauru,Micronesia (region),968,8.93,149,1.38,1135,10.48,8128,75.02,,,,,0,0.0,,,,,,,454,4.19,,,NR
Nepal,South-Central Asia,4094,0.01,3545857,12.17,20335,0.07,1253412,4.3,,,,,3835909,13.17,19172595,65.8,,,1187282,4.07,99813,0.34,10198,0.04,NP
Netherlands,Western Europe,6812,0.04,205722,1.2,7137,0.04,9514604,55.53,,,,,685,0.0,110540,0.65,30055,0.18,1225417,7.15,5982406,34.91,13708,0.08,NL
New Zealand,Australia/New Zealand,4678,0.1,154246,3.2,22245,0.46,2624213,54.42,,,908,0.02,45293,0.94,94820,1.97,5748,0.12,72692,1.51,1770732,36.72,17600,0.37,NZ
Nicaragua,Central America,12465,0.19,7618,0.12,2981,0.05,6296831,95.05,,,,,32024,0.48,,,221,0.0,1126,0.02,173059,2.61,,,NI
Niger,Western Africa,8627,0.04,,,,,62896,0.26,,,,,994952,4.11,,,,,23120345,95.51,14026,0.06,5790,0.02,NE
Nigeria,Western Africa,49257,0.02,11005,0.01,6083,0.0,95186337,46.18,,,,,15729671,7.63,39167,0.02,1206,0.0,94517305,45.85,578046,0.28,,,NE
Niue,Polynesia,9,0.56,,,3,0.19,1565,96.72,,,,,,,,,,,,,41,2.53,,,NU
Norfolk Island,Australia/New Zealand,,,,,,,,,,,,,,,,,,,,,,,,,NF
Northern Cyprus,Western Asia,,,,,,,,,,,,,,,,,,,,,,,,,CY
Macedonia,Southern Europe,,,,,,,1332438,63.96,,,,,,,,,198,0.01,682224,32.75,68520,3.29,,,MK
"Korea, (North) Democratic Republic of",Eastern Asia,,,391038,1.52,16060,0.06,99001,0.38,,,,,3166126,12.28,,,,,2578,0.01,18784687,72.87,,,KP
"Korea, (South) Republic of",Eastern Asia,35138,0.07,12637443,24.65,36145,0.07,17012623,33.18,5597446,10.92,,,7748260,15.11,2307,0.0,108,0.0,70927,0.14,817805,1.6,1538,0.0,KR
Macau,Eastern Asia,208,0.03,112157,17.27,381151,58.7,45606,7.02,,,,,,,,,29,0.0,1299,0.2,102825,15.84,,,MO
Kosovo,Southern Europe,,,,,,,129021,6.16,,,,,,,,,,,1948262,92.95,18817,0.9,,,
Northern Mariana Islands,Micronesia (region),292,0.51,6081,10.57,2797,4.86,46737,81.2,67,0.12,,,196,0.34,,,,,391,0.68,633,1.1,,,MP
Norway,Northern Europe,3101,0.06,38751,0.71,1815,0.03,4684810,86.42,,,,,813,0.02,8755,0.16,902,0.02,291543,5.38,376915,6.95,5576,0.1,NO
Oman,Western Asia,18124,0.35,39576,0.78,,,185207,3.63,,,,,613,0.01,278617,5.46,,,4542373,88.95,7897,0.15,33704,0.66,OM
Pakistan,South-Central Asia,106617,0.05,115909,0.05,3068,0.0,4187911,1.9,,,,,226818,0.1,2913456,1.32,906,0.0,213085718,96.47,187030,0.08,56769,0.03,PK
Palau,Micronesia (region),127,0.7,154,0.85,45,0.25,16690,92.25,,,,,102,0.56,23,0.13,,,430,2.38,521,2.88,,,PW
Panama,Central America,51230,1.19,32991,0.76,6300,0.15,3888212,90.11,,,,,57514,1.33,1942,0.05,10010,0.23,30728,0.71,188198,4.36,302,0.01,PA
Papua New Guinea,Melanesia,79575,0.89,14654,0.16,6611,0.07,8482207,94.8,,,,,296005,3.31,1188,0.01,800,0.01,2376,0.03,61442,0.69,,,GN
Paraguay,South America,11740,0.16,16367,0.23,,,6810364,95.48,,,,,143844,2.02,,,1000,0.01,4280,0.06,141162,1.98,,,PY
Peru,South America,46851,0.14,74177,0.23,21701,0.07,31808544,96.47,,,,,452584,1.37,,,4999,0.02,831,0.0,455201,1.38,,,PE
Philippines,South-Eastern Asia,329520,0.3,125597,0.11,64309,0.06,99307046,90.62,2630,0.0,,,2565350,2.34,34277,0.03,107,0.0,6065793,5.54,1046366,0.95,28436,0.03,PH
Pitcairn Islands,Polynesia,,,,,,,,,,,,,,,,,,,,,,,,,PN
Poland,Eastern Europe,757,0.0,1968,0.01,,,36183532,95.61,,,,,,,1079,0.0,3075,0.01,38638,0.1,1603138,4.24,,,PL
Portugal,Southern Europe,1994,0.02,57204,0.56,21107,0.21,9227949,90.5,,,,,1631,0.02,22433,0.22,470,0.0,45178,0.44,811501,7.96,3671,0.04,PT
Puerto Rico,Caribbean,2058,0.07,372,0.01,515,0.02,2739883,95.77,,,,,,,2518,0.09,2601,0.09,830,0.03,90722,3.17,,,PR
Qatar,Western Asia,2809,0.1,54740,1.9,,,399618,13.87,,,,,,,95075,3.3,,,2264299,78.59,64519,2.24,,,QA
Reunion,Eastern Africa,7702,0.86,1662,0.19,,,783689,87.53,,,,,3760,0.42,40378,4.51,,,37306,4.17,18686,2.09,716,0.08,RE
Romania,Eastern Europe,1697,0.01,423,0.0,846,0.0,18958980,98.55,,,,,,,,,4000,0.02,80661,0.42,187682,0.98,,,RO
Rwanda,Eastern Africa,23885,0.18,,,,,11852297,91.51,,,,,429718,3.32,648,0.01,,,619532,4.78,26129,0.2,,,RW
Saint Barthelemy,Caribbean,,,,,,,,,,,,,,,,,,,,,,,,,BL
Saint Helena,Western Africa,48,0.79,,,,,5817,95.82,,,,,,,,,,,,,206,3.39,,,SH
Saint Kitts and Nevis,Caribbean,262,0.49,,,,,50329,94.62,,,,,,,798,1.5,,,133,0.25,847,1.59,,,KN
China-Tibet,Eastern Asia,,,,,,,,,,,,,,,,,,,,,,,,,CN
Saint Lucia,Caribbean,441,0.24,,,,,176129,95.92,,,,,,,1676,0.91,,,852,0.46,752,0.41,,,LC
Saint Martin,Caribbean,,,,,,,,,,,,,,,,,,,,,,,,,MF
Saint Pierre and Miquelon,Northern America,88,1.52,,,,,5472,94.43,,,,,,,,,,,9,0.16,226,3.9,,,PM
Saint Vincent and the Grenadines,Caribbean,1650,1.49,,,,,98328,88.63,,,,,222,0.2,3722,3.35,,,1653,1.49,2808,2.53,,,VC
Samoa,Polynesia,1052,0.53,20,0.01,20,0.01,196012,98.79,,,,,,,,,,,63,0.03,1243,0.63,,,WS
San Marino,Southern Europe,309,0.91,,,,,31056,91.51,,,,,,,,,,,10,0.03,2564,7.56,,,SM
Sao Tome and Principe,Middle Africa,5031,2.3,,,,,210608,96.1,,,,,523,0.24,,,,,88,0.04,2911,1.33,,,ST
Saudi Arabia,Western Asia,6517,0.02,113632,0.33,31193,0.09,2102068,6.04,,,,,63361,0.18,708114,2.03,,,31461249,90.37,241847,0.69,66843,0.19,SA
Senegal,Western Africa,30939,0.18,2260,0.01,536,0.0,860785,5.14,,,,,591614,3.53,,,,,15228387,90.95,28134,0.17,,,SN
Serbia,Southern Europe,1084,0.02,,,,,5940421,89.45,,,,,1295,0.02,,,2963,0.04,463296,6.98,230586,3.47,,,RS
Seychelles,Eastern Africa,412,0.42,,,52,0.05,93098,94.67,,,,,,,1436,1.46,,,885,0.9,2339,2.38,,,SC
Sierra Leone,Western Africa,18714,0.23,,,,,932957,11.7,,,,,1704113,21.36,4092,0.05,,,5217547,65.41,97807,1.23,,,SL
Singapore,South-Eastern Asia,3943,0.07,871779,14.9,2193709,37.5,1209487,20.67,,,,,1243,0.02,306247,5.23,789,0.01,880543,15.05,279345,4.77,13999,0.24,SG
Sint Maarten,Caribbean,232,0.54,,,,,38297,89.31,,,,,,,,,130,0.3,77,0.18,1304,3.04,,,SX
Slovakia,Eastern Europe,1153,0.02,,,,,4616435,84.56,,,,,,,,,2506,0.05,524,0.01,839025,15.37,,,SK
Slovenia,Southern Europe,611,0.03,,,,,1732110,83.32,,,,,,,,,208,0.01,79041,3.8,266962,12.84,,,SI
Solomon Islands,Melanesia,4162,0.61,2176,0.32,,,654437,95.28,,,,,21890,3.19,,,,,2167,0.32,2046,0.3,,,SB
Somalia,Eastern Africa,1776,0.01,,,,,4168,0.03,,,,,11615,0.07,6357,0.04,,,15866741,99.83,2562,0.02,,,SO
South Africa,Southern Africa,282019,0.48,247584,0.42,110907,0.19,48520343,81.81,35585,0.06,,,4213385,7.1,1414305,2.38,65477,0.11,1022589,1.72,3357797,5.66,12573,0.02,ZA
South Sudan,Eastern Africa,701,0.01,254,0.0,541,0.0,6772390,60.5,,,,,3673747,32.82,224,0.0,,,696586,6.22,49286,0.44,,,SS
Spain,Southern Europe,13666,0.03,14611,0.03,24546,0.05,40525559,86.68,,,,,,,26183,0.06,50495,0.11,1290827,2.76,4802584,10.27,6312,0.01,ES
Sri Lanka,South-Central Asia,16389,0.08,14559345,67.99,857,0.0,1975686,9.23,,,,,1062,0.01,2793851,13.05,86,0.0,1938392,9.05,120584,0.56,3212,0.02,LK
Sudan,Northern Africa,2718,0.01,987,0.0,2105,0.0,1974012,4.5,,,,,1211854,2.76,864,0.0,57,0.0,40197223,91.67,459449,1.05,,,SD
Russia,Eastern Europe,20246,0.01,554686,0.38,2633,0.0,119945103,82.19,,,,,1062681,0.73,43801,0.03,135602,0.09,17170005,11.77,6995798,4.79,2919,0.0,RU
Somaliland,Eastern Africa,,,,,,,,,,,,,,,,,,,,,,,,,
Spanish North Africa,Northern Africa,,,,,,,,,,,,,,,,,,,,,,,,,
New Caledonia,Melanesia,1042,0.37,1784,0.62,,,242961,85.1,,,,,501,0.18,,,100,0.04,7880,2.76,30045,10.52,,,NC
Suriname,South America,4034,0.69,3474,0.59,1558,0.27,299192,51.0,,,,,12272,2.09,120631,20.56,205,0.03,93254,15.9,27971,4.77,,,SR
Sweden,Northern Europe,7125,0.07,42529,0.42,5050,0.05,5857323,58.0,6565,0.07,,,10099,0.1,13371,0.13,17048,0.17,829308,8.21,3291986,32.6,1414,0.01,SE
Switzerland,Western Europe,4291,0.05,30966,0.36,,,6555049,75.74,,,,,,,27131,0.31,18183,0.21,533519,6.16,1480590,17.11,1298,0.02,CH
Taiwan,Eastern Asia,16672,0.07,6304063,26.47,10225004,42.93,1441852,6.05,,,3004655,12.62,60547,0.25,2382,0.01,192,0.0,92311,0.39,1061750,4.46,,,TW
Tajikistan,South-Central Asia,4374,0.05,3822,0.04,,,65886,0.69,,,,,5990,0.06,,,305,0.0,9294837,97.45,159738,1.67,,,TJ
Tanzania,Eastern Africa,254241,0.43,13530,0.02,31570,0.05,33050100,55.33,,,,,6774588,11.34,516831,0.87,296,0.0,18849101,31.55,212791,0.36,17920,0.03,TZ
Thailand,South-Eastern Asia,66239,0.09,60846296,87.17,643207,0.92,912335,1.31,252986,0.36,,,1579868,2.26,67987,0.1,94,0.0,4100565,5.87,1256832,1.8,56538,0.08,TH
Timor-Leste,South-Eastern Asia,1559,0.12,2505,0.19,2110,0.16,1157292,87.78,,,,,100357,7.61,396,0.03,,,47341,3.59,6289,0.48,,,TL
Togo,Western Africa,44573,0.54,,,,,3960702,47.84,,,,,2730094,32.98,,,,,1519640,18.36,19200,0.23,,,TG
Tokelau,Polynesia,64,4.74,,,,,1273,94.3,,,,,,,,,,,,,13,0.96,,,TK
Tonga,Polynesia,3740,3.54,127,0.12,,,101262,95.8,,,,,5,0.0,106,0.1,,,,,457,0.43,,,TO
Trinidad and Tobago,Caribbean,16673,1.19,4358,0.31,5487,0.39,887663,63.43,,,,,,,340564,24.33,104,0.01,90184,6.44,32495,2.32,,,TT
Tunisia,Northern Africa,2364,0.02,89,0.0,189,0.0,23090,0.2,,,,,,,,,1989,0.02,11759347,99.5,31550,0.27,,,TN
Turkey,Western Asia,24465,0.03,41056,0.05,14759,0.02,176131,0.21,,,,,13494,0.02,843,0.0,15763,0.02,82995694,98.41,915333,1.09,,,TR
Turkmenistan,South-Central Asia,1304,0.02,852,0.01,,,68049,1.13,,,,,1001,0.02,,,499,0.01,5779977,95.83,178754,2.96,,,TM
Turks and Caicos Islands,Caribbean,172,0.44,,,,,35421,91.48,,,,,,,,,,,,,2103,5.43,,,TC
Tuvalu,Polynesia,202,1.71,14,0.12,,,11173,94.75,,,,,,,,,,,12,0.1,391,3.32,,,TV
Uganda,Eastern Africa,130140,0.28,2744,0.01,5855,0.01,38623764,84.44,,,,,1046821,2.29,367483,0.8,2058,0.0,5359536,11.72,196103,0.43,2287,0.01,UG
Ukraine,Eastern Europe,219,0.0,17772,0.04,892,0.0,37004929,84.61,,,,,9614,0.02,4592,0.01,45404,0.1,716078,1.64,5926508,13.55,7653,0.02,UA
United Arab Emirates,Western Asia,49452,0.5,187870,1.9,,,1114172,11.27,,,,,,,610089,6.17,,,7727870,78.14,124791,1.26,71211,0.72,AE
United Kingdom,Northern Europe,38730,0.06,213125,0.31,58518,0.09,45742020,67.38,,,,,24778,0.04,689233,1.02,277857,0.41,4269225,6.29,15819182,23.3,576286,0.85,GB
Uruguay,South America,7689,0.22,67,0.0,,,2208996,63.59,,,,,35,0.0,,,20255,0.58,521,0.02,1229278,35.39,,,UY
Uzbekistan,South-Central Asia,975,0.0,36779,0.11,552,0.0,347705,1.04,,,,,52951,0.16,895,0.0,4085,0.01,31721531,94.78,1302315,3.89,,,UZ
Vanuatu,Melanesia,4185,1.36,603,0.2,,,286852,93.39,,,,,13985,4.55,,,,,127,0.04,1258,0.41,,,VU
Vatican City,Southern Europe,,,,,,,809,100.0,,,,,,,,,,,,,,,,,VA
Venezuela,South America,167862,0.59,34749,0.12,6028,0.02,26343153,92.64,,,,,213179,0.75,569,0.0,7516,0.03,93554,0.33,1268623,4.46,,,VE
Virgin Islands (U.S.),Caribbean,656,0.63,,,,,98660,94.48,,,,,,,439,0.42,348,0.33,110,0.11,4210,4.03,,,VI
Western Sahara,Northern Africa,245,0.04,,,,,921,0.15,,,,,,,,,,,594653,99.55,1511,0.25,,,EH
Yemen,Western Asia,1646,0.01,162,0.0,,,16519,0.06,,,,,,,187904,0.63,60,0.0,29599758,99.24,18245,0.06,162,0.0,YE
Zambia,Eastern Africa,339127,1.84,5515,0.03,11766,0.06,15717006,85.49,,,,,2055613,11.18,24965,0.14,51,0.0,195847,1.07,33698,0.18,368,0.0,ZM
Zimbabwe,Eastern Africa,47165,0.32,223,0.0,476,0.0,12149510,81.74,,,,,2357895,15.86,22057,0.15,395,0.0,108911,0.73,173694,1.17,,,ZW
Syria,Western Asia,368,0.0,,,,,672156,3.84,,,,,,,1750,0.01,98,0.0,16479667,94.17,346521,1.98,,,SY
Vietnam,South-Eastern Asia,429982,0.44,47333528,48.63,973386,1.0,8927051,9.17,,,179,0.0,10454497,10.74,58177,0.06,355,0.0,173508,0.18,18310500,18.81,,,VN
Swaziland,Southern Africa,5242,0.45,,,,,1013947,87.4,,,,,117838,10.16,1763,0.15,,,7568,0.65,13806,1.19,,,
United States (General),Northern America,558658,0.17,4300257,1.3,115851,0.04,245457098,74.16,,,13240,0.0,1156689,0.35,1602582,0.48,5578686,1.69,4564042,1.38,65115186,19.67,417063,0.13,US
Afghanistan,South-Central Asia,10456,0.03,7786,0.02,,,7544,0.02,,,,,5896,0.02,10511,0.03,0,0.0,38874606,99.86,3292,0.01,4232,0.01,AF
Albania,Southern Europe,16465,0.57,,,,,1082066,37.6,,,,,,,,,299,0.01,1706456,59.3,72514,2.52,,,AL
Algeria,Northern Africa,4091,0.01,6578,0.02,14032,0.03,129356,0.3,,,,,,,,,57,0.0,43141684,98.38,555245,1.27,,,DZ
American Samoa,Polynesia,205,0.37,185,0.34,232,0.42,54091,98.0,,,,,,,,,,,,,484,0.88,,,AS
Andorra,Southern Europe,120,0.16,,,,,70191,90.84,,,,,,,382,0.49,264,0.34,1023,1.32,5285,6.84,,,AD
Angola,Middle Africa,3550,0.01,2810,0.01,279,0.0,30517271,92.85,,,,,1674072,5.09,657,0.0,,,366337,1.11,301292,0.92,,,AO
Anguilla,Caribbean,170,1.13,,,,,13592,90.6,,,,,,,60,0.4,23,0.15,100,0.67,551,3.67,,,AI
Antarctica,Antarctica,,,,,,,,,,,,,,,,,,,,,,,,,AQ
Antigua and Barbuda,Caribbean,1048,1.07,,,,,90801,92.72,,,,,,,157,0.16,,,543,0.55,1835,1.87,,,AG
Argentina,South America,15831,0.04,24191,0.05,488,0.0,40118101,88.77,542,0.0,,,108633,0.24,6639,0.01,179992,0.4,968094,2.14,3551567,7.86,1288,0.0,AR
Armenia,Western Asia,1141,0.04,296,0.01,,,2806648,94.72,,,,,0,0.0,296,0.01,517,0.02,6393,0.22,105717,3.57,,,AM
Aruba,Caribbean,21,0.02,137,0.13,171,0.16,102776,96.26,,,,,,,,,149,0.14,222,0.21,2013,1.89,,,AW
Australia,Australia/New Zealand,27576,0.11,797015,3.13,140240,0.55,14620214,57.33,73628,0.29,11760,0.05,78725,0.31,470023,1.84,108228,0.42,745513,2.92,8112848,31.82,168570,0.66,AU
Faroe Islands,Northern Europe,142,0.29,,,,,47908,98.04,,,,,,,,,,,,,815,1.67,,,FO
Barbados,Caribbean,3739,1.3,115,0.04,,,272858,94.95,,,,,29,0.01,1379,0.48,34,0.01,3105,1.08,5589,1.94,,,BB
Belarus,Eastern Europe,98,0.0,1134,0.01,,,7351480,77.8,,,,,474,0.01,,,8977,0.1,24894,0.26,2062264,21.82,,,BY
Belgium,Western Europe,3319,0.03,27896,0.24,6676,0.06,7383690,63.71,6490,0.06,,,2260,0.02,6954,0.06,29611,0.26,856313,7.39,3246118,28.01,11590,0.1,BE
Belize,Central America,10081,2.54,1948,0.49,,,366850,92.26,,,,,2549,0.64,7873,1.98,107,0.03,2004,0.5,2382,0.6,,,BZ
Benin,Western Africa,15174,0.13,,,,,5276415,43.52,,,,,3452990,28.48,,,,,3347253,27.61,29577,0.24,,,BJ
Bermuda,Northern America,394,0.63,308,0.49,131,0.21,55244,88.71,,,,,,,,,19,0.03,550,0.88,3863,6.2,,,BM
Bhutan,South-Central Asia,96,0.01,638507,82.75,,,17570,2.28,,,,,25277,3.28,88218,11.43,,,1736,0.23,208,0.03,,,BT
Bolivia,South America,252354,2.16,8680,0.07,1751,0.02,10836206,92.83,,,,,328585,2.81,,,497,0.0,2335,0.02,238465,2.04,,,BO
Bosnia and Herzegovina,Southern Europe,,,,,,,1614414,49.21,,,,,,,,,361,0.01,1561011,47.58,105029,3.2,,,BA
Botswana,Southern Africa,19292,0.82,1312,0.06,130,0.01,1647290,70.05,,,,,669370,28.46,3245,0.14,423,0.02,6442,0.27,3839,0.16,282,0.01,BW
Brazil,South America,45913,0.02,541513,0.25,46232,0.02,192938521,90.77,,,,,362896,0.17,10628,0.01,96077,0.05,211300,0.1,6436639,3.03,,,BR
British Virgin Islands,Caribbean,228,0.75,,,,,24691,81.66,,,,,,,360,1.19,,,349,1.15,2071,6.85,,,VG
Bulgaria,Eastern Europe,561,0.01,,,,,5748843,82.74,,,,,,,,,3499,0.05,946192,13.62,249350,3.59,,,BG
Burkina Faso,Western Africa,3629,0.02,,,,,4876074,23.33,,,,,4511805,21.58,,,,,11398858,54.53,112186,0.54,,,BF
Burma (Myanmar),South-Eastern Asia,90204,0.17,40469474,74.38,139754,0.26,4310599,7.92,806785,1.48,,,5349133,9.83,928149,1.71,33,0.0,2046856,3.76,263720,0.48,1632,0.0,MM
Burundi,Eastern Africa,8654,0.07,,,,,11102372,93.37,,,,,512102,4.31,9988,0.08,,,250425,2.11,7241,0.06,,,BI
Cambodia,South-Eastern Asia,19871,0.12,14380234,86.01,355875,2.13,425533,2.55,,,,,727437,4.35,29977,0.18,151,0.0,311996,1.87,416068,2.49,,,KH
Cameroon,Middle Africa,69869,0.26,478,0.0,1019,0.0,15841853,59.68,,,,,5052342,19.03,,,70,0.0,5356210,20.18,208929,0.79,,,CM
Canada,Northern America,63710,0.17,652186,1.73,687387,1.82,23951800,63.46,,,,,155483,0.41,476921,1.26,361174,0.96,1106517,2.93,9620641,25.49,520052,1.38,CA
Caribbean Netherlands,Caribbean,48,0.18,,,,,24162,92.15,,,,,,,,,77,0.29,111,0.42,1073,4.09,,,NL
Cayman Islands,Caribbean,517,0.79,,,,,53618,81.59,,,,,,,168,0.26,597,0.91,127,0.19,3941,6.0,,,KY
Central African Republic,Middle Africa,11977,0.25,,,,,3534616,73.18,,,,,580672,12.02,,,,,668922,13.85,33577,0.7,,,CF
Chad,Middle Africa,138462,0.84,2464,0.02,5256,0.03,5779520,35.19,,,,,1233303,7.51,,,,,9248806,56.31,18048,0.11,,,TD
Chile,South America,29473,0.15,12118,0.06,2523,0.01,16869213,88.25,,,,,146159,0.76,930,0.0,20129,0.11,18166,0.1,2009793,10.51,,,CL
China,Eastern Asia,6451,0.0,228116515,15.85,436921870,30.36,106018155,7.37,1802893,0.13,5876397,0.41,62083872,4.31,19388,0.0,2879,0.0,23746340,1.65,574478084,39.91,20510,0.0,CN
Christmas Island,Australia/New Zealand,,,,,,,,,,,,,,,,,,,,,,,,,CX
Colombia,South America,77531,0.15,2028,0.0,2582,0.01,48543031,95.4,,,,,324798,0.64,12264,0.02,5037,0.01,25085,0.05,1380466,2.71,,,CO
Comoros,Eastern Africa,766,0.09,,,,,4444,0.51,,,,,8411,0.97,,,,,854824,98.3,1150,0.13,,,KM
"Congo, Democratic Republic of the",Middle Africa,383968,0.43,5070,0.01,,,85061043,94.98,,,,,2248702,2.51,134342,0.15,404,0.0,1319713,1.47,400557,0.45,,,CG
"Congo, Republic of the",Middle Africa,31933,0.58,237,0.0,386,0.01,4928953,89.32,,,,,302967,5.49,,,,,68633,1.24,163654,2.97,,,CG
Costa Rica,Central America,15901,0.31,1337,0.03,26477,0.52,4859643,95.4,,,,,9060,0.18,611,0.01,2888,0.06,,,174053,3.42,,,CR
Croatia,Southern Europe,,,,,,,3849511,93.77,,,,,,,,,813,0.02,77420,1.89,177524,4.32,,,HR
Cuba,Caribbean,1152,0.01,6154,0.05,21629,0.19,6870206,60.66,,,,,,,23446,0.21,817,0.01,9175,0.08,2447632,21.61,,,CU
Cyprus,Western Asia,1258,0.1,7036,0.58,,,851367,70.51,,,,,,,3588,0.3,206,0.02,279031,23.11,54208,4.49,10667,0.88,CY
Denmark,Northern Europe,1310,0.02,21899,0.38,4401,0.08,4695216,81.06,,,,,,,9934,0.17,6985,0.12,304552,5.26,741769,12.81,811,0.01,DK
Djibouti,Eastern Africa,855,0.09,,,,,10869,1.1,,,,,,,395,0.04,,,965002,97.67,10881,1.1,,,DJ
Dominica,Caribbean,1223,1.7,94,0.13,43,0.06,67971,94.42,,,,,184,0.26,72,0.1,,,101,0.14,384,0.53,,,DM
Dominican Republic,Caribbean,7540,0.07,1953,0.02,8380,0.08,10296182,94.91,,,,,,,,,103,0.0,2387,0.02,290744,2.68,,,DM
Ecuador,South America,18686,0.11,18551,0.11,17117,0.1,16842563,95.46,,,,,144458,0.82,,,492,0.0,2399,0.01,594883,3.37,,,EC
Egypt,Northern Africa,2474,0.0,998,0.0,2129,0.0,9473480,9.26,,,,,,,1535,0.0,101,0.0,92165041,90.06,688643,0.67,,,EG
Wallis and Futuna,Polynesia,97,0.86,,,,,10944,97.31,,,,,132,1.17,,,,,,,73,0.65,,,WF
Austria,Western Europe,2063,0.02,11550,0.13,3296,0.04,6221625,69.08,1583,0.02,,,324,0.0,7565,0.08,8466,0.09,638420,7.09,2103095,23.35,3152,0.04,AT
Azerbaijan,Western Asia,1885,0.02,,,,,245870,2.43,,,,,,,304,0.0,8833,0.09,9748557,96.15,132055,1.3,,,AZ
"Bahamas, The",Caribbean,1577,0.4,,,94,0.02,365830,93.03,,,,,,,118,0.03,326,0.08,354,0.09,17480,4.45,,,BS
Bahrain,Western Asia,4142,0.24,3718,0.22,,,205437,12.07,,,,,425,0.03,108588,6.38,62,0.0,1371164,80.58,7622,0.45,,,BH
Bangladesh,South-Central Asia,11327,0.01,1181633,0.72,3524,0.0,914776,0.56,,,,,719489,0.44,15446881,9.38,198,0.0,146253593,88.81,130414,0.08,27169,0.02,BD
British Indian Ocean Territory,Eastern Africa,,,,,,,,,,,,,,,,,,,,,,,,,IO
